{
  "training_history": {
    "accuracy": [
      0.0074404762126505375,
      0.008060515858232975,
      0.0074404762126505375,
      0.008556547574698925,
      0.0088665671646595,
      0.00830853171646595,
      0.0078125,
      0.0076884920708835125,
      0.006758432369679213,
      0.008060515858232975,
      0.0068204365670681
    ],
    "loss": [
      5.384222984313965,
      5.2658867835998535,
      5.186892032623291,
      5.123912334442139,
      5.087014675140381,
      5.045991897583008,
      5.02263069152832,
      5.003721714019775,
      4.982712745666504,
      4.970127582550049,
      4.952130317687988
    ],
    "top_k_categorical_accuracy": [
      0.0396205373108387,
      0.0389384925365448,
      0.0385664664208889,
      0.0395585335791111,
      0.0421626977622509,
      0.0419146828353405,
      0.0391245037317276,
      0.0404885895550251,
      0.0357142873108387,
      0.0392485111951828,
      0.0380084328353405
    ],
    "val_accuracy": [
      0.007936508394777775,
      0.007936508394777775,
      0.007936508394777775,
      0.007936508394777775,
      0.007936508394777775,
      0.007936508394777775,
      0.007936508394777775,
      0.007936508394777775,
      0.007936508394777775,
      0.007936508394777775,
      0.007936508394777775
    ],
    "val_loss": [
      59.952125549316406,
      13.575295448303223,
      23.419204711914062,
      7.75446081161499,
      126.2496566772461,
      48.20650863647461,
      4.929027557373047,
      4.932548999786377,
      5.432667255401611,
      14.418750762939453,
      4.911355018615723
    ],
    "val_top_k_categorical_accuracy": [
      0.0396825410425663,
      0.0396825410425663,
      0.0396825410425663,
      0.0396825410425663,
      0.0396825410425663,
      0.0396825410425663,
      0.0396825410425663,
      0.0396825410425663,
      0.0396825410425663,
      0.0396825410425663,
      0.0396825410425663
    ],
    "learning_rate": [
      0.0005000000237487257,
      0.0005000000237487257,
      0.0005000000237487257,
      0.0005000000237487257,
      0.0005000000237487257,
      0.0005000000237487257,
      0.0005000000237487257,
      0.0005000000237487257,
      0.0005000000237487257,
      0.0005000000237487257,
      0.0005000000237487257
    ]
  },
  "training_summary": {
    "total_epochs": 11,
    "final_train_acc": 0.0068204365670681,
    "final_val_acc": 0.007936508394777775,
    "best_val_acc": 0.007936508394777775
  }
}